id	common_name	scientific_name	ebird_code
brd_01jzvcg800vbr15gsfc98219bv	Brent goose	Branta bernicla	brant
brd_01jzvcg801t7xba70nrff0vftr	Red-breasted goose	Branta ruficollis	rebgoo1
brd_01jzvcg802ek622fxhc5mqe50s	Canada goose	Branta canadensis	cangoo
brd_01jzvcg803fm4rmrdex90rny57	Barnacle goose	Branta leucopsis	bargoo
brd_01jzvcg8048v3nax9fc68m94hr	Cackling goose	Branta hutchinsii	cacgoo1
brd_01jzvcg805ngwy963hcgy2v3r7	Ross's goose	Anser rossii	rosgoo
brd_01jzvcg806aa2mwx81j3k54ttt	Snow goose	Anser caerulescens	snogoo
brd_01jzvcg807x5pqvbj7d81m3gnh	Greylag goose	Anser anser	gragoo
brd_01jzvcg808pbm07jehx7vzz6na	Taiga bean goose	Anser fabalis	taibeg1
brd_01jzvcg809x7ax3cch42za9ar3	Pink-footed goose	Anser brachyrhynchus	pifgoo
brd_01jzvcg80ahx449v16re2ame0c	Tundra bean goose	Anser serrirostris	tunbeg1
brd_01jzvcg80bsbvt392f4nmf86jg	White-fronted goose	Anser albifrons	gwfgoo
brd_01jzvcg80cs7pyyc833jwtjmnx	Lesser white-fronted goose	Anser erythropus	lwfgoo
brd_01jzvcg80d9m61d8swq4vkjn93	Mute swan	Cygnus olor	mutswa
brd_01jzvcg80esbyt63mhm5k7yynp	Bewick's swan	Cygnus columbianus	tunswa
brd_01jzvcg80fp28hvehbdndqcbne	Whooper swan	Cygnus cygnus	whoswa
brd_01jzvcg80gnghf25bw5hpaz1rb	Egyptian goose	Alopochen aegyptiaca	egygoo
brd_01jzvcg80h7b0g9ejp3mfycq2h	Shelduck	Tadorna tadorna	comshe
brd_01jzvcg80jvdrwjh3vn7aw0567	Ruddy shelduck	Tadorna ferruginea	rudshe
brd_01jzvcg80k0ryqykkt8tdcb6c1	Mandarin duck	Aix galericulata	manduc
brd_01jzvcg80m1n3j11bapj7g94mb	Baikal teal	Sibirionetta formosa	baitea
brd_01jzvcg80n3a2gnv384nyw8g5v	Garganey	Spatula querquedula	gargan
brd_01jzvcg80pmfbvsa98vxq107ft	Blue-winged teal	Spatula discors	buwtea
brd_01jzvcg80q229r01ndaedry89d	Shoveler	Spatula clypeata	norsho
brd_01jzvcg80ryt6twasspeama3ze	Gadwall	Mareca strepera	gadwal
brd_01jzvcg80s5jzn76bcjhv3873k	Falcated duck	Mareca falcata	falduc
brd_01jzvcg80t1s21nxc7xw91cyt7	Wigeon	Mareca penelope	eurwig
brd_01jzvcg80v4brg8a9ddhahayt1	American wigeon	Mareca americana	amewig
brd_01jzvcg80w912dy0mnan794wcv	Mallard	Anas platyrhynchos	mallar3
brd_01jzvcg80xcfb4spwpvez3rfeh	Black duck	Anas rubripes	ambduc
brd_01jzvcg80yqyqa5zyh6dbch65c	Pintail	Anas acuta	norpin
brd_01jzvcg80z7qxy12jt84csn5rv	Teal	Anas crecca	gnwtea
brd_01jzvcg810hp9xchvqnb18c6qa	Green-winged teal	Anas carolinensis	
brd_01jzvcg8111eg29bdzqt96rn8h	Red-crested pochard	Netta rufina	recpoc
brd_01jzvcg812b9rycm7ram4ayj29	Canvasback	Aythya valisineria	canvas
brd_01jzvcg813kjww99knff4xxk1y	Redhead	Aythya americana	redhea
brd_01jzvcg8143xpk5p33ky9vdxdf	Pochard	Aythya ferina	compoc
brd_01jzvcg815azwfxa4gdgpapehw	Ferruginous duck	Aythya nyroca	ferduc
brd_01jzvcg8165y3rrqm4asw5843j	Ring-necked duck	Aythya collaris	rinduc
brd_01jzvcg8170381dgb7c7x068vd	Tufted duck	Aythya fuligula	tufduc
brd_01jzvcg818hfve0yr60ap7tbep	Scaup	Aythya marila	gresca
brd_01jzvcg819kwzev2tra1vn13pt	Lesser scaup	Aythya affinis	lessca
brd_01jzvcg81aep43mzq7aw4n228h	Steller's eider	Polysticta stelleri	steeid
brd_01jzvcg81b6bfxxkz1wzxxm8rw	King eider	Somateria spectabilis	kineid
brd_01jzvcg81c4w7g9qr8f11ywznw	Eider	Somateria mollissima	comeid
brd_01jzvcg81d5gwg5n6bqmfnhsvd	Harlequin duck	Histrionicus histrionicus	harduc
brd_01jzvcg81esf5t574r9v7b95vj	Surf scoter	Melanitta perspicillata	sursco
brd_01jzvcg81fh29h3d9bxzmtqb7h	Velvet scoter	Melanitta fusca	whwsco3
brd_01jzvcg81gjdk156at9kcy14g0	White-winged scoter	Melanitta deglandi	whwsco2
brd_01jzvcg81hq8j52ws7bqnezc4x	Stejneger's scoter	Melanitta stejnegeri	whwsco1
brd_01jzvcg81j7t6sbv1n062j4b8d	Common scoter	Melanitta nigra	blksco1
brd_01jzvcg81k51e8382d43cgnwj6	Black scoter	Melanitta americana	blksco2
brd_01jzvcg81m6add51z8bp6dzc7d	Long-tailed duck	Clangula hyemalis	lotduc
brd_01jzvcg81nb7cj21m83ngbrjd5	Bufflehead	Bucephala albeola	buffle
brd_01jzvcg81p028dsyq8gxt4kr19	Goldeneye	Bucephala clangula	comgol
brd_01jzvcg81q9sw5akwed0w6v3g1	Barrow's goldeneye	Bucephala islandica	bargol
brd_01jzvcg81rjtfzyfwwrh311f15	Smew	Mergellus albellus	smew
brd_01jzvcg81s3px9rmj262ykvbvc	Hooded merganser	Lophodytes cucullatus	hoomer
brd_01jzvcg81tew7gczhyh20bvf5g	Goosander	Mergus merganser	commer
brd_01jzvcg81v0pbycw5x13kvz33q	Red-breasted merganser	Mergus serrator	rebmer
brd_01jzvcg81w4cfctw75wr259eh2	Ruddy duck	Oxyura jamaicensis	rudduc
brd_01jzvcg81xp3b2kakmakpdnb93	Red grouse	Lagopus scotica	wilpta1
brd_01jzvcg81yw5p3gww101e0mh5g	Ptarmigan	Lagopus muta	rocpta1
brd_01jzvcg81z4kwjh9e0fq321man	Capercaillie	Tetrao urogallus	wescap1
brd_01jzvcg8202g6fhrr6tqnj1qk1	Black grouse	Lyrurus tetrix	blagro1
brd_01jzvcg821c51aj46mc7atq9wp	Grey partridge	Perdix perdix	grypar
brd_01jzvcg822hzyzfe5mgpz0vhfv	Golden pheasant	Chrysolophus pictus	golphe
brd_01jzvcg823wfpqcwcaz3msxwty	Lady Amherst's pheasant	Chrysolophus amherstiae	laaphe1
brd_01jzvcg824qq1wrp431gr6f1va	Pheasant	Phasianus colchicus	rinphe1
brd_01jzvcg825y0xv8kczqeev8xa3	Quail	Coturnix coturnix	comqua1
brd_01jzvcg826jddecqy129cj33m1	Red-legged partridge	Alectoris rufa	relpar1
brd_01jzvcg827xsgpcz763ph7a7zc	Common nighthawk	Chordeiles minor	comnig
brd_01jzvcg828xjy057nsf6yjy3zv	Red-necked nightjar	Caprimulgus ruficollis	rennig1
brd_01jzvcg829y878ht9n84gszxvt	Nightjar	Caprimulgus europaeus	eurnig1
brd_01jzvcg82an60086ghkvjg2ffk	Egyptian nightjar	Caprimulgus aegyptius	egynig1
brd_01jzvcg82b012ramvy5mv4qxzq	White-throated needletail	Hirundapus caudacutus	whtnee
brd_01jzvcg82c7c7kcm4h9wcbt10m	Chimney swift	Chaetura pelagica	chiswi
brd_01jzvcg82dsdqcnc8jqgzmrkj4	Alpine swift	Tachymarptis melba	alpswi1
brd_01jzvcg82exwf9f0jq1cbj9ve5	Swift	Apus apus	comswi
brd_01jzvcg82fe5k385s2ahz40mv0	Pallid swift	Apus pallidus	palswi3
brd_01jzvcg82gmmt7x396zqcy1tpn	Pacific swift	Apus pacificus	fotswi
brd_01jzvcg82h85dt8ctx2qshehmy	Little swift	Apus affinis	litswi1
brd_01jzvcg82j67zzhgpqyy40e7xx	White-rumped swift	Apus caffer	whrswi1
brd_01jzvcg82ke6n3fhr6crnzzrxc	Great bustard	Otis tarda	grebus1
brd_01jzvcg82mdwc5vkv1j1ewzhyz	MacQueen's bustard	Chlamydotis macqueenii	macbus1
brd_01jzvcg82n4g3g9hbtz6amz4tx	Little bustard	Tetrax tetrax	litbus1
brd_01jzvcg82pvybxgbfjv7bzmf1x	Great spotted cuckoo	Clamator glandarius	grscuc1
brd_01jzvcg82qd41axcpp71h3549v	Yellow-billed cuckoo	Coccyzus americanus	yebcuc
brd_01jzvcg82rgr3yy1ggmz8nf89z	Black-billed cuckoo	Coccyzus erythropthalmus	bkbcuc
brd_01jzvcg82s3pb5pzfaq6vb1v43	Cuckoo	Cuculus canorus	comcuc
brd_01jzvcg82tmvb5by623h3haepp	Pallas's sandgrouse	Syrrhaptes paradoxus	palsan1
brd_01jzvcg82vydvtj7h58fght7yk	Rock dove or feral pigeon	Columba livia	rocpig
brd_01jzvcg82w2zkb3w9ng97s0c19	Stock dove	Columba oenas	stodov1
brd_01jzvcg82xj7h6gmndm63qg7a7	Woodpigeon	Columba palumbus	cowpig1
brd_01jzvcg82yqf5q83yf80893kpj	Turtle dove	Streptopelia turtur	eutdov
brd_01jzvcg82zednkwwq70bbbcbdj	Oriental turtle dove	Streptopelia orientalis	ortdov
brd_01jzvcg830hert9dfqkmc410d2	Collared dove	Streptopelia decaocto	eucdov
brd_01jzvcg831gmxzrq07zhve0cz2	Mourning dove	Zenaida macroura	moudov
brd_01jzvcg832gc07vxrdab46xyzv	Water rail	Rallus aquaticus	watrai1
brd_01jzvcg833mwqj73wwr047akf4	Corncrake	Crex crex	corcra
brd_01jzvcg834wmb7z53m9py4r8tg	Sora rail	Porzana carolina	sora
brd_01jzvcg835h75h82da551ddndq	Spotted crake	Porzana porzana	spocra1
brd_01jzvcg836bwarv05gc642ddzg	Moorhen	Gallinula chloropus	commoo3
brd_01jzvcg837862dtpfrm7znw3pq	Coot	Fulica atra	eurcoo
brd_01jzvcg838g0fhqdfbjprxjgg7	American coot	Fulica americana	y00475
brd_01jzvcg839m5nq1nxdxaq8ksqy	Allen's gallinule	Porphyrio alleni	allgal1
brd_01jzvcg83ajd43x6x6bnq63v23	American purple gallinule	Porphyrio martinicus	
brd_01jzvcg83bxx5qvhgqr4s4638c	Western swamphen[115]	Porphyrio porphyrio	purswa1
brd_01jzvcg83cshhtg40rn8c9gzqz	Baillon's crake	Zapornia pusilla	baicra1
brd_01jzvcg83dhj78de4nn3kwsxcx	Little crake	Zapornia parva	litcra1
brd_01jzvcg83e2vdxph6e3wssyxxg	Sandhill crane	Antigone canadensis	sancra
brd_01jzvcg83fm0h3engd3zekwrt8	Crane	Grus grus	comcra
brd_01jzvcg83gnkb39t8epanmbxkf	Little grebe	Tachybaptus ruficollis	litgre1
brd_01jzvcg83h6azq7vvnmvqsgrze	Pied-billed grebe	Podilymbus podiceps	pibgre
brd_01jzvcg83j032y0v62ya7b51np	Red-necked grebe	Podiceps grisegena	rengre
brd_01jzvcg83kqasv64392tvze00t	Great crested grebe	Podiceps cristatus	grcgre1
brd_01jzvcg83merxhqvrtrfb2pc5f	Slavonian grebe	Podiceps auritus	horgre
brd_01jzvcg83nyqk2qr5m9sv4y051	Black-necked grebe	Podiceps nigricollis	eargre
brd_01jzvcg83pck6e5ar9adrtmne8	Stone-curlew	Burhinus oedicnemus	eutkne1
brd_01jzvcg83qqax782yc8b71dzqy	Oystercatcher	Haematopus ostralegus	euroys1
brd_01jzvcg83rxn3w87stagpxxt5m	Black-winged stilt	Himantopus himantopus	bkwsti
brd_01jzvcg83swp8gwreks7w066nq	Avocet	Recurvirostra avosetta	pieavo1
brd_01jzvcg83twn50j8bg9tdsg002	Grey plover	Pluvialis squatarola	bkbplo
brd_01jzvcg83vkgebjt9bj7fr7n8v	Golden plover	Pluvialis apricaria	eugplo
brd_01jzvcg83w7qty0abhaw1vs4gg	Pacific golden plover	Pluvialis fulva	pagplo
brd_01jzvcg83xd7wnr6mevrrf491n	American golden plover	Pluvialis dominica	amgplo
brd_01jzvcg83yfdxdvr3vxrt011g6	Dotterel	Eudromias morinellus	eurdot
brd_01jzvcg83z03x95acd3xp08vea	Killdeer	Charadrius vociferus	killde
brd_01jzvcg8400zrj4858sx69rt3m	Ringed plover	Charadrius hiaticula	corplo
brd_01jzvcg841w5tjmwnsgv3np4px	Semipalmated plover	Charadrius semipalmatus	semplo
brd_01jzvcg8422t8a31nmqaa718xs	Little ringed plover	Thinornis dubius	lirplo
brd_01jzvcg843ws9gzmy3j8z6dvqa	Lapwing	Vanellus vanellus	norlap
brd_01jzvcg844wcgck797gnf9445x	Grey-headed lapwing	Vanellus cinereus	gyhlap1
brd_01jzvcg845f0fwv6zwxtqe51wa	Sociable lapwing	Vanellus gregarius	soclap1
brd_01jzvcg846yk109vdr5jgc5dmb	White-tailed lapwing	Vanellus leucurus	whtlap1
brd_01jzvcg847k0f857w9c05ykxb5	Caspian plover	Anarhynchus asiaticus	casplo1
brd_01jzvcg8489asthn3gdfy3j3dq	Tibetan sand plover	Anarhynchus atrifrons	lessap1
brd_01jzvcg8491tyy1ydygn0fjtfp	Siberian sand plover	Anarhynchus mongolus	lessap2
brd_01jzvcg84a501q0bjhsta69e4b	Greater sand plover	Anarhynchus leschenaultii	grsplo
brd_01jzvcg84b4kwfhpjb8c88sm6e	Kentish plover	Anarhynchus alexandrinus	kenplo1
brd_01jzvcg84cawscd4ya65n897x2	Upland sandpiper	Bartramia longicauda	uplsan
brd_01jzvcg84dmf87kzh2pfh37fj9	Whimbrel	Numenius phaeopus	whimbr5
brd_01jzvcg84e0f43zrvaknbeb7xv	Hudsonian whimbrel	Numenius hudsonicus	whimbr3
brd_01jzvcg84fnz7vbetb71kr259e	Little whimbrel	Numenius minutus	litcur
brd_01jzvcg84g2p67hp5s8ya10frd	Eskimo curlew	Numenius borealis	eskcur
brd_01jzvcg84h5dg2wpyk1c9k4e44	Curlew	Numenius arquata	eurcur
brd_01jzvcg84jvab1paaq5b7pnyrp	Bar-tailed godwit	Limosa lapponica	batgod
brd_01jzvcg84kxssf7tamzvm136mt	Black-tailed godwit	Limosa limosa	bktgod
brd_01jzvcg84m18ne9wz5b5b2sbtv	Hudsonian godwit	Limosa haemastica	hudgod
brd_01jzvcg84nqxx9bssafv3zrq6v	Turnstone	Arenaria interpres	rudtur
brd_01jzvcg84p41adxjte7sf546y3	Great knot	Calidris tenuirostris	grekno
brd_01jzvcg84qm0ry40e5wbr2wbwh	Knot	Calidris canutus	redkno
brd_01jzvcg84rb751bvc2qc2htnce	Ruff	Calidris pugnax	ruff
brd_01jzvcg84saja127zc5bwh1hh9	Broad-billed sandpiper	Calidris falcinellus	brbsan
brd_01jzvcg84tkwgjx9dvb316way2	Sharp-tailed sandpiper	Calidris acuminata	shtsan
brd_01jzvcg84v0xtzffym4ajjcqsj	Stilt sandpiper	Calidris himantopus	stisan
brd_01jzvcg84wknv4f3xxqn7rbrrs	Curlew sandpiper	Calidris ferruginea	cursan
brd_01jzvcg84x7jj7n9ka0bdtntzh	Temminck's stint	Calidris temminckii	temsti
brd_01jzvcg84ysnp26y6j2ff51yr4	Long-toed stint	Calidris subminuta	lotsti
brd_01jzvcg84zwqqr286j23zcymtk	Red-necked stint	Calidris ruficollis	rensti
brd_01jzvcg850ewxax12zda42j2kv	Sanderling	Calidris alba	sander
brd_01jzvcg851fef6gnqyacpa7za7	Dunlin	Calidris alpina	dunlin
brd_01jzvcg8529xbcjqddqqeak3xt	Purple sandpiper	Calidris maritima	pursan
brd_01jzvcg853cfg6r06x562t4g6w	Baird's sandpiper	Calidris bairdii	baisan
brd_01jzvcg854r693ewpxtebkcgdh	Little stint	Calidris minuta	litsti
brd_01jzvcg855rxnqq7w6ft2yr8bd	Least sandpiper	Calidris minutilla	leasan
brd_01jzvcg856ex6h5yxez0kbg0za	White-rumped sandpiper	Calidris fuscicollis	whrsan
brd_01jzvcg857xywhty8da44hbm8q	Buff-breasted sandpiper	Calidris subruficollis	bubsan
brd_01jzvcg858z5abehf8gv2me1jf	Pectoral sandpiper	Calidris melanotos	pecsan
brd_01jzvcg859vhmjpxrr004y1076	Semipalmated sandpiper	Calidris pusilla	semsan
brd_01jzvcg85aqnen05ha6hvp8scj	Western sandpiper	Calidris mauri	wessan
brd_01jzvcg85b6me3hjyp48m02cek	Long-billed dowitcher	Limnodromus scolopaceus	lobdow
brd_01jzvcg85c4fgnpq90bm3xqhbn	Short-billed dowitcher	Limnodromus griseus	shbdow
brd_01jzvcg85djzj6t7xpmkg0z1cg	Woodcock	Scolopax rusticola	eurwoo
brd_01jzvcg85eh2c8nyk84s691wgv	Jack snipe	Lymnocryptes minimus	jacsni
brd_01jzvcg85fv16d5y9atx9jcazh	Great snipe	Gallinago media	gresni1
brd_01jzvcg85g5mb1ktvh2ev5srxy	Snipe	Gallinago gallinago	comsni
brd_01jzvcg85hqp78m9ksjrbexkkk	Wilson's snipe	Gallinago delicata	wilsni1
brd_01jzvcg85jhm3wg7syng64pcvm	Terek sandpiper	Xenus cinereus	tersan
brd_01jzvcg85kkfjh6dznxtwdjr8f	Wilson's phalarope	Phalaropus tricolor	wilpha
brd_01jzvcg85mfhh7nw23qtnxk0cy	Red-necked phalarope	Phalaropus lobatus	renpha
brd_01jzvcg85nzjdk5n4zbfef5k7z	Grey phalarope	Phalaropus fulicaria	
brd_01jzvcg85pahmm08n3wrwhtkwn	Common sandpiper	Actitis hypoleucos	comsan
brd_01jzvcg85qp3t3cpt7hk5t4g8t	Spotted sandpiper	Actitis macularius	sposan
brd_01jzvcg85rp14yvcafw6hy64h1	Green sandpiper	Tringa ochropus	grnsan
brd_01jzvcg85srchb15fx8wan4bmk	Solitary sandpiper	Tringa solitaria	solsan
brd_01jzvcg85twbk4z31xxn441c1d	Grey-tailed tattler	Tringa brevipes	gyttat1
brd_01jzvcg85vdt1yc7s9339c8dc2	Lesser yellowlegs	Tringa flavipes	lesyel
brd_01jzvcg85wbh3cgsxke35zre2b	Redshank	Tringa totanus	comred1
brd_01jzvcg85xv9scnj0z4n7b2wg9	Marsh sandpiper	Tringa stagnatilis	marsan
brd_01jzvcg85ysvj5tjd5wf8r5s62	Wood sandpiper	Tringa glareola	woosan
brd_01jzvcg85za39jkwkmg516beq4	Spotted redshank	Tringa erythropus	spored
brd_01jzvcg860gbvrtgj9tqq613ce	Greenshank	Tringa nebularia	comgre
brd_01jzvcg861633antfv6nvz4q0w	Greater yellowlegs	Tringa melanoleuca	greyel
brd_01jzvcg86264dmgpxq36kkfrcy	Cream-coloured courser	Cursorius cursor	crccou1
brd_01jzvcg863xppaj7bfctdgym1p	Collared pratincole	Glareola pratincola	colpra
brd_01jzvcg864v6jyn6xf68q5vywt	Oriental pratincole	Glareola maldivarum	oripra
brd_01jzvcg8656x6xyqy9p8tyn6r7	Black-winged pratincole	Glareola nordmanni	blwpra1
brd_01jzvcg866k6s974pk6yegtf1r	Kittiwake	Rissa tridactyla	bklkit
brd_01jzvcg867d7r0gzh1jw19ztv6	Ivory gull	Pagophila eburnea	ivogul
brd_01jzvcg868fwgrtva1b7d68jm0	Sabine's gull	Xema sabini	sabgul
brd_01jzvcg8695xz8rt1a2eggkfpz	Slender-billed gull	Chroicocephalus genei	slbgul1
brd_01jzvcg86afkvxf3nph5tpp27e	Bonaparte's gull	Chroicocephalus philadelphia	bongul
brd_01jzvcg86bx3217zb74h2gftrz	Black-headed gull	Chroicocephalus ridibundus	bkhgul
brd_01jzvcg86cgnryqvb4ntnzpgd5	Little gull	Hydrocoloeus minutus	litgul
brd_01jzvcg86dj93ed6p0b1449z8x	Ross's gull	Rhodostethia rosea	rosgul
brd_01jzvcg86ef4kavfyc6bc5ech3	Laughing gull	Leucophaeus atricilla	laugul
brd_01jzvcg86fm47djfpjms5qc74n	Franklin's gull	Leucophaeus pipixcan	fragul
brd_01jzvcg86g20qc9khj1aa15506	Audouin's gull	Ichthyaetus audouinii	audgul1
brd_01jzvcg86hx242hqyzd709djbw	Mediterranean gull	Ichthyaetus melanocephalus	medgul1
brd_01jzvcg86jmvmdhx231mphzd2r	Great black-headed gull	Ichthyaetus ichthyaetus	gbhgul2
brd_01jzvcg86kr2t19by7pk562687	Common gull	Larus canus	mewgul
brd_01jzvcg86mve6pa918qe9skjv6	Ring-billed gull	Larus delawarensis	ribgul
brd_01jzvcg86nvyp5hqf5vjt38ddz	Great black-backed gull	Larus marinus	gbbgul
brd_01jzvcg86pgnek5k8hqna2y5y1	Kelp gull	Larus dominicanus	kelgul
brd_01jzvcg86q80ppz6ya39aqt2bb	Glaucous-winged gull	Larus glaucescens	glwgul
brd_01jzvcg86rgp4sb7zt29h3vfjr	Glaucous gull	Larus hyperboreus	glagul
brd_01jzvcg86sj9a73zavmsgt77xb	Iceland gull	Larus glaucoides	y00478
brd_01jzvcg86tat77b4ywdfcywt50	European herring gull	Larus argentatus	euhgul1
brd_01jzvcg86vvqgpk9nthb6kzjnn	American herring gull	Larus smithsonianus	amhgul1
brd_01jzvcg86w8jej9svdzs1rqsaq	Caspian gull	Larus cachinnans	casgul2
brd_01jzvcg86xtdt3eb1b2ww0vc23	Yellow-legged gull	Larus michahellis	yelgul1
brd_01jzvcg86y92zhc4ne80tnsnea	Slaty-backed gull	Larus schistisagus	slbgul
brd_01jzvcg86zcpw2p9bve96db9te	Lesser black-backed gull	Larus fuscus	lbbgul
brd_01jzvcg8703sdszbtvw5s8rb5d	Gull-billed tern	Gelochelidon nilotica	gubter2
brd_01jzvcg871az0mt3tfnv34cc00	Caspian tern	Hydroprogne caspia	caster1
brd_01jzvcg872h7nvhsnd2zwbs962	Royal tern	Thalasseus maximus	royter1
brd_01jzvcg873545jh99k82hskpmg	Lesser crested tern	Thalasseus bengalensis	lecter2
brd_01jzvcg874w9qryhahwhv4a4ch	Sandwich tern	Thalasseus sandvicensis	santer1
brd_01jzvcg8753p9vws2s2h48p0hn	Cabot's tern	Thalasseus acuflavida	
brd_01jzvcg876jg25s2mxc85zykae	Elegant tern	Thalasseus elegans	eleter1
brd_01jzvcg8773hec14bxn7r1d2pp	Little tern	Sternula albifrons	litter1
brd_01jzvcg87809sk8wawcrhwyakh	Least tern	Sternula antillarum	leater1
brd_01jzvcg879d7cq7zstnxs1ctq8	Aleutian tern	Onychoprion aleutica	
brd_01jzvcg87a46xv7zpma7pnxgby	Bridled tern	Onychoprion anaethetus	briter1
brd_01jzvcg87b1ywfmbpq8q0ggx40	Sooty tern	Onychoprion fuscata	
brd_01jzvcg87cy2txn76mvrfmc5j3	Roseate tern	Sterna dougallii	roster
brd_01jzvcg87d6j830jvz5vw1c1zw	Common tern	Sterna hirundo	comter
brd_01jzvcg87ek9yfsq9drpy96kyt	Arctic tern	Sterna paradisaea	arcter
brd_01jzvcg87f965gsjvdta6tnjsr	Forster's tern	Sterna forsteri	forter
brd_01jzvcg87g7ygm9g84qddgcznq	Whiskered tern	Chlidonias hybridus	
brd_01jzvcg87havy273qe50zp02ew	White-winged black tern	Chlidonias leucopterus	whwter
brd_01jzvcg87jz6dvd2zaa07dn4pc	Black tern	Chlidonias niger	blkter
brd_01jzvcg87kefgadrmyqgfke8mf	South polar skua	Stercorarius maccormicki	sopsku1
brd_01jzvcg87m4yzx2f2aa8vgrea2	Great skua	Stercorarius skua	gresku1
brd_01jzvcg87n15trx2sbxsgqnasv	Pomarine skua	Stercorarius pomarinus	pomjae
brd_01jzvcg87pmmydn7axq1vmdz3q	Arctic skua	Stercorarius parasiticus	parjae
brd_01jzvcg87qjmwgtp9cp7gva7dr	Long-tailed skua	Stercorarius longicaudus	lotjae
brd_01jzvcg87rtt30fyb54e4rg6z2	Little auk	Alle alle	doveki
brd_01jzvcg87syaxgy2v3fq2ys8qy	Brünnich's guillemot	Uria lomvia	thbmur
brd_01jzvcg87txvnfrefg40e9t46k	Common guillemot	Uria aalge	commur
brd_01jzvcg87vf8gdx7chna38v6nr	Razorbill	Alca torda	razorb
brd_01jzvcg87wsvf7epxtzyjd5c8z	Great auk	Pinguinus impennis	greauk
brd_01jzvcg87xtzenycq7tf4x4473	Black guillemot	Cepphus grylle	blkgui
brd_01jzvcg87ymn7pvnrp2rzb0nmx	Long-billed murrelet	Brachyramphus perdix	lobmur
brd_01jzvcg87zme31s05tp97zysaw	Ancient murrelet	Synthliboramphus antiquus	ancmur
brd_01jzvcg880b6wtgby97kj609vr	Puffin	Fratercula arctica	atlpuf
brd_01jzvcg881ph55m9aqq00n7kx0	Tufted puffin	Fratercula cirrhata	tufpuf
brd_01jzvcg882493z7pkbwr6h2t9p	Red-billed tropicbird	Phaethon aethereus	rebtro
brd_01jzvcg8830n0abvgzkcev6gzf	Red-throated diver	Gavia stellata	retloo
brd_01jzvcg884nr1jacax2jg3a23q	Black-throated diver	Gavia arctica	arcloo
brd_01jzvcg8854t9mz9y1en9wvjdb	Pacific diver	Gavia pacifica	pacloo
brd_01jzvcg8863qdtz5jbx34eym0q	Great northern diver	Gavia immer	comloo
brd_01jzvcg8878jqv3tmja3r6k182	White-billed diver	Gavia adamsii	yebloo
brd_01jzvcg8887vn4kvsa4vhas1af	Wilson's storm petrel	Oceanites oceanicus	wispet
brd_01jzvcg889ycjaaxrcwnhxg9a2	White-faced storm petrel	Pelagodroma marina	wfspet
brd_01jzvcg88a4hren9anxpam4192	Black-browed albatross	Thalassarche melanophris	bkbalb
brd_01jzvcg88bysxc38grfa8wt2jq	Atlantic yellow-nosed albatross	Thalassarche chlororhynchos	yenalb2
brd_01jzvcg88cjjzdbhg3sv4b8syb	Storm petrel	Hydrobates pelagicus	bripet
brd_01jzvcg88d0xwgmwrjgn3pmwh5	Swinhoe's petrel	Hydrobates monorhis	swspet
brd_01jzvcg88ef4r7wfr17hc250f8	Leach's petrel	Hydrobates leucorhous	lcspet
brd_01jzvcg88fr484bh6y9f4vsf5h	Madeiran petrel	Hydrobates castro	barpet
brd_01jzvcg88gppjwj64bapd8k7wq	Fulmar	Fulmarus glacialis	norful
brd_01jzvcg88h57b07m9j5sctvsgg	Soft-plumaged petrel	Pterodroma mollis	soppet1
brd_01jzvcg88jmptkqd4fgnhn25w8	Zino's petrel	Pterodroma madeira	madpet
brd_01jzvcg88k3m5n3899pb8xw3k5	Black-capped petrel	Pterodroma hasitata	bkcpet
brd_01jzvcg88mvev1ah359k030kxw	White-chinned petrel	Procellaria aequinoctialis	whcpet1
brd_01jzvcg88n3p2sgqbxgzqyt9r4	Scopoli's shearwater	Calonectris diomedea	scoshe1
brd_01jzvcg88pgsdkkc5efa1pg52w	Cory's shearwater	Calonectris borealis	corshe1
brd_01jzvcg88qzz4h80z9hezct2kp	Sooty shearwater	Ardenna grisea	sooshe
brd_01jzvcg88rsm3an2gjz8qm8hyv	Great shearwater	Ardenna gravis	greshe
brd_01jzvcg88s957zmp4zd7mhq336	Manx shearwater	Puffinus puffinus	manshe
brd_01jzvcg88t0jf3dk93gre4tdh0	Yelkouan shearwater	Puffinus yelkouan	levshe1
brd_01jzvcg88v5yb8x39x0nhyh4zz	Balearic shearwater	Puffinus mauretanicus	balshe1
brd_01jzvcg88wcwm1v2yhanss29q0	Barolo shearwater	Puffinus baroli	litshe1
brd_01jzvcg88xm5zcjvck8jk8rt5t	Black stork	Ciconia nigra	blasto1
brd_01jzvcg88y82z8z60drmfw7gp6	White stork	Ciconia ciconia	whisto1
brd_01jzvcg88zyg7sm3epfemc4c80	Ascension frigatebird	Fregata aquila	asifri1
brd_01jzvcg890hpwgb32vtfdq3k63	Magnificent frigatebird	Fregata magnificens	magfri
brd_01jzvcg891ag4vgeycy7278fh2	Gannet	Morus bassanus	norgan
brd_01jzvcg892jnt95d502ag6amx8	Red-footed booby	Sula sula	refboo
brd_01jzvcg893egcdjpdptt12q23w	Brown booby	Sula leucogaster	brnboo
brd_01jzvcg894pp3jsxwqk635gfys	Cormorant	Phalacrocorax carbo	grecor
brd_01jzvcg895f1r6p9p4n8zrgv9e	Shag	Gulosus aristotelis	eursha1
brd_01jzvcg896v17r8tqta7jrtakf	Double-crested cormorant	Nannopterum auritum	doccor
brd_01jzvcg8979je0xjcm1xv6cq33	Glossy ibis	Plegadis falcinellus	gloibi
brd_01jzvcg898qcy73ec1qmccyvwy	Spoonbill	Platalea leucorodia	eurspo1
brd_01jzvcg899rw6mfgryx2b07bzf	Bittern	Botaurus stellaris	grebit1
brd_01jzvcg89ajw0aqwg04m5bfdx8	American bittern	Botaurus lentiginosus	amebit
brd_01jzvcg89bcexxhv5djx3c05k5	Least bittern	Botaurus exilis	leabit
brd_01jzvcg89cn99r1pztpj7a48hz	Little bittern	Botaurus minutus	litbit1
brd_01jzvcg89dyq69frqaz2dxa642	Night-heron	Nycticorax nycticorax	bcnher
brd_01jzvcg89eyyn8acyax3gk0msr	Green heron	Butorides virescens	grnher
brd_01jzvcg89fa04fg19vk77a6as3	Squacco heron	Ardeola ralloides	squher1
brd_01jzvcg89gffgt1hxz8b19hxjm	Chinese pond heron	Ardeola bacchus	chpher1
brd_01jzvcg89hgeykg1bak1908k27	Cattle egret	Ardea ibis	categr1
brd_01jzvcg89jwzpbj3vy1d3zgg8a	Grey heron	Ardea cinerea	graher1
brd_01jzvcg89kat007hd9xy15dry0	Great blue heron	Ardea herodias	grbher3
brd_01jzvcg89mq0kpnrpnbnj3wp5j	Purple heron	Ardea purpurea	purher1
brd_01jzvcg89nbkypeg0k4ym7hg1d	Great white egret	Ardea alba	greegr
brd_01jzvcg89prgf9m4tc2jg5wksn	Snowy egret	Egretta thula	snoegr
brd_01jzvcg89qs2gqpfz5bbhey5r2	Little egret	Egretta garzetta	litegr
brd_01jzvcg89rfvpxkb03ndj3r7sb	Dalmatian pelican	Pelecanus crispus	dalpel1
brd_01jzvcg89srrsbz7sj3yd2k2ma	Osprey	Pandion haliaetus	osprey
brd_01jzvcg89tnmt1240ryzcy6ngw	Black-winged Kite	Elanus caeruleus	bkskit1
brd_01jzvcg89vz73g8rzn0t4qw51f	Egyptian vulture	Neophron percnopterus	egyvul1
brd_01jzvcg89wgpt6fh1b6zqtw2x8	Honey-buzzard	Pernis apivorus	euhbuz1
brd_01jzvcg89xb67rb7ntejgy50nw	Short-toed eagle	Circaetus gallicus	shteag1
brd_01jzvcg89yr7etn1b0kr97sraq	Spotted eagle	Clanga clanga	grseag1
brd_01jzvcg89zppp4c7vr0a3vfw4v	Booted eagle	Hieraaetus pennatus	booeag1
brd_01jzvcg8a09vkm9yfk72k24tmw	Golden eagle	Aquila chrysaetos	goleag
brd_01jzvcg8a17pgrv03qjqsckxk3	Sparrowhawk	Accipiter nisus	eurspa1
brd_01jzvcg8a2dxdk79mdnb3fanwk	Goshawk	Accipiter gentilis	
brd_01jzvcg8a3qgqrdfhcnyktnzqr	Marsh harrier	Circus aeruginosus	wemhar1
brd_01jzvcg8a4vm3qjzt95tby9gps	Hen harrier	Circus cyaneus	norhar1
brd_01jzvcg8a50g5b7cmh55sr1jy3	Northern harrier	Circus hudsonius	norhar2
brd_01jzvcg8a66gfc2172zt06qe4z	Pallid harrier	Circus macrourus	palhar1
brd_01jzvcg8a7168x4f6vcagk5e8q	Montagu's harrier	Circus pygargus	monhar1
brd_01jzvcg8a8d47ndct8fk6tj733	Red kite	Milvus milvus	redkit1
brd_01jzvcg8a9baazj06pz2exn6x2	Black kite	Milvus migrans	blakit1
brd_01jzvcg8aa65va3zv7ttdg69g4	White-tailed eagle	Haliaeetus albicilla	whteag
brd_01jzvcg8abaqtp58sx99bf6r0g	Rough-legged buzzard	Buteo lagopus	rolhaw
brd_01jzvcg8acw36pxtv7p6qz78h3	Buzzard	Buteo buteo	combuz1
brd_01jzvcg8ad5dnszbvaz3ghfst6	Long-legged Buzzard	Buteo rufinus	lolbuz1
brd_01jzvcg8aezg01cm94ysj0wwd1	Western barn owl	Tyto alba	webowl1
brd_01jzvcg8afpw0s0z1twyybrest	Tengmalm's owl	Aegolius funereus	borowl
brd_01jzvcg8ageqg48v1b9j55419y	Little owl	Athene noctua	litowl1
brd_01jzvcg8ahzxdf9mq703188bwj	Hawk owl	Surnia ulula	nohowl
brd_01jzvcg8ajckw61vcce7x7hp7z	Scops owl	Otus scops	eursco1
brd_01jzvcg8ak0jwjefv3qntvxa25	Long-eared owl	Asio otus	loeowl
brd_01jzvcg8am2crq2da2qw720wp4	Short-eared owl	Asio flammeus	sheowl
brd_01jzvcg8anq1tk02awf3x0ykbe	Snowy owl	Bubo scandiacus	snoowl1
brd_01jzvcg8ap8rbwfbkqf5vzvq8w	Tawny owl	Strix aluco	tawowl1
brd_01jzvcg8aqb1vjnrmgnq6j9az7	Eurasian hoopoe	Upupa epops	hoopoe
brd_01jzvcg8arbr2ygbkpmran3r9d	European roller	Coracias garrulus	eurrol1
brd_01jzvcg8ass5v3smbha0xgmez9	Kingfisher	Alcedo atthis	comkin1
brd_01jzvcg8at4b23qtrxcvg4zy1b	Belted kingfisher	Megaceryle alcyon	belkin1
brd_01jzvcg8avysyha2sgkq1gw1wd	Blue-cheeked bee-eater	Merops persicus	bcbeat1
brd_01jzvcg8awd857wwsqw1fwx3pf	Bee-eater	Merops apiaster	eubeat1
brd_01jzvcg8axmca21qay9kkt75qn	Wryneck	Jynx torquilla	eurwry
brd_01jzvcg8ayd4j25jkvw0dk2vx2	Yellow-bellied sapsucker	Sphyrapicus varius	yebsap
brd_01jzvcg8azdrdnj8ysvbcgy8t4	Lesser spotted woodpecker	Dryobates minor	leswoo1
brd_01jzvcg8b0132yrsg8yht8m8js	Great spotted woodpecker	Dendrocopos major	grswoo
brd_01jzvcg8b1egy352q1yxr5pm5t	Green woodpecker	Picus viridis	eugwoo2
brd_01jzvcg8b28zz23k8d6erxjx37	Lesser kestrel	Falco naumanni	leskes1
brd_01jzvcg8b3tqf140mvxq2wm08y	Kestrel	Falco tinnunculus	eurkes
brd_01jzvcg8b42rcnpe86cfkah52f	American kestrel	Falco sparverius	amekes
brd_01jzvcg8b58kx9rwt9cmq3jtq0	Red-footed falcon	Falco vespertinus	reffal1
brd_01jzvcg8b6h90k87ecpwg7cvsc	Amur falcon	Falco amurensis	amufal1
brd_01jzvcg8b724tf8jbtz5y0d5ky	Eleonora's falcon	Falco eleonorae	elefal1
brd_01jzvcg8b8vrj1fygnnfkf2tsd	Merlin	Falco columbarius	merlin
brd_01jzvcg8b905f0a171k1eb2163	Hobby	Falco subbuteo	eurhob
brd_01jzvcg8ba3dqe64smdvkqnc0a	Gyr falcon	Falco rusticolus	gyrfal
brd_01jzvcg8bb0fvkddzrassba9dk	Peregrine	Falco peregrinus	perfal
brd_01jzvcg8bcm9867s562940wajf	Ring-necked parakeet	Psittacula krameri	rorpar
brd_01jzvcg8bdd22b3g9nat7mh3cq	Eastern phoebe	Sayornis phoebe	easpho
brd_01jzvcg8be59jzg24gyh7117b1	Yellow-bellied flycatcher	Empidonax flaviventris	yebfly
brd_01jzvcg8bfded0ncdj628a18r6	Acadian flycatcher	Empidonax virescens	acafly
brd_01jzvcg8bgczbsa7zsnq0kgc9w	Alder flycatcher	Empidonax alnorum	aldfly
brd_01jzvcg8bh7dp0zkfg9jh3g7z3	Eastern kingbird	Tyrannus tyrannus	easkin
brd_01jzvcg8bj7t8rgcz3ja83qrts	Brown shrike	Lanius cristatus	brnshr
brd_01jzvcg8bkgq168k5vsdsmd31g	Red-backed shrike	Lanius collurio	rebshr1
brd_01jzvcg8bmb6ahz2km4b6xekp6	Daurian shrike	Lanius isabellinus	isashr1
brd_01jzvcg8bn16m3zpqtmw838ap7	Turkestan shrike	Lanius phoenicuroides	rutshr2
brd_01jzvcg8bpf2gryak8brk2ramp	Long-tailed shrike	Lanius schach	lotshr1
brd_01jzvcg8bqt8srkew6vrt1j3hb	Lesser grey shrike	Lanius minor	legshr2
brd_01jzvcg8br54e0jcawp8k9rgye	Great grey shrike	Lanius excubitor	norshr1
brd_01jzvcg8bsyxx6hbxpr5s6bh0v	Woodchat shrike	Lanius senator	wooshr1
brd_01jzvcg8bt9zqnapxymn6qkm0k	Masked shrike	Lanius nubicus	masshr1
brd_01jzvcg8bvex204j667tbscmzn	Yellow-throated vireo	Vireo flavifrons	yetvir
brd_01jzvcg8bw2pjvx7na1k98rc4z	Philadelphia vireo	Vireo philadelphicus	phivir
brd_01jzvcg8bxtmmch39zhh5rep5h	Red-eyed vireo	Vireo olivaceus	reevir1
brd_01jzvcg8bywt40ndfqh87jzntq	Golden oriole	Oriolus oriolus	eugori2
brd_01jzvcg8bza1yqh23q7s73dr2g	Jay	Garrulus glandarius	eurjay1
brd_01jzvcg8c02h8xqzw9af2hjcgz	Magpie	Pica pica	eurmag1
brd_01jzvcg8c1stvyjxytqkwcdev7	Nutcracker	Nucifraga caryocatactes	eurnut3
brd_01jzvcg8c2b0djm8xjmgdj2ee9	Chough	Pyrrhocorax pyrrhocorax	rebcho1
brd_01jzvcg8c3q4xyseectt7hx9t3	Jackdaw	Coloeus monedula	eurjac
brd_01jzvcg8c4x4ckx41z21h14vwc	Rook	Corvus frugilegus	rook1
brd_01jzvcg8c5c2xkszybjnv96bd4	Carrion crow	Corvus corone	carcro1
brd_01jzvcg8c6ymh8a647enre7p93	Hooded crow	Corvus cornix	hoocro1
brd_01jzvcg8c7khrnyc0qbhtet03e	Raven	Corvus corax	comrav
brd_01jzvcg8c8t78p8pj9qd2azg1j	Waxwing	Bombycilla garrulus	bohwax
brd_01jzvcg8c9ws473n207nj03n87	Cedar waxwing	Bombycilla cedrorum	cedwax
brd_01jzvcg8camqxdx94mawe29tgf	Coal tit	Periparus ater	coatit2
brd_01jzvcg8cb7rzywb7478j89s20	Crested tit	Lophophanes cristatus	cretit2
brd_01jzvcg8cc3gxxq4qe1z838rfg	Marsh tit	Poecile palustris	martit2
brd_01jzvcg8cdswj8z4xtv2g767fd	Willow tit	Poecile montana	
brd_01jzvcg8cep5fhh6v655hcxg7t	Blue tit	Cyanistes caeruleus	blutit
brd_01jzvcg8cf54zkbwt15f532g11	Great tit	Parus major	gretit1
brd_01jzvcg8cg13nxgy6eyz2wvmcp	Penduline tit	Remiz pendulinus	euptit1
brd_01jzvcg8ch0rkm4ah4d0z8dcd2	Bearded tit	Panurus biarmicus	bearee1
brd_01jzvcg8cj0369qmsa4vd321nq	Woodlark	Lullula arborea	woolar1
brd_01jzvcg8ckvwg2vpxqxz2r2ev1	White-winged lark	Alauda leucoptera	whwlar1
brd_01jzvcg8cmcvmv05g96jcg3g00	Skylark	Alauda arvensis	skylar
brd_01jzvcg8cnsb4vv0j7f3tz3brq	Crested lark	Galerida cristata	crelar1
brd_01jzvcg8cp5jd19q299cyzmqrh	Shore lark	Eremophila alpestris	horlar
brd_01jzvcg8cqjnjy3exqjpt780z5	Short-toed lark	Calandrella brachydactyla	gstlar1
brd_01jzvcg8crr810xk84r8jt3588	Bimaculated lark	Melanocorypha bimaculata	bimlar1
brd_01jzvcg8cs58m7ph268btvzyh5	Calandra lark	Melanocorypha calandra	callar1
brd_01jzvcg8ct0s80by1ptvm0f9xg	Black lark	Melanocorypha yeltoniensis	blalar1
brd_01jzvcg8cv9as5ad2v76re0mvr	Sand martin	Riparia riparia	banswa
brd_01jzvcg8cwjnanxxj5kxtyy275	Tree swallow	Tachycineta bicolor	treswa
brd_01jzvcg8cxycy0dv14gawgy0qr	Purple martin	Progne subis	purmar
brd_01jzvcg8cyspq2f901gstgqmx7	Crag martin	Ptyonoprogne rupestris	eurcrm1
brd_01jzvcg8czff3zd7vyj4fakj0k	Swallow	Hirundo rustica	barswa
brd_01jzvcg8d0rn8frpjwv94vkvj9	House martin	Delichon urbicum	comhom1
brd_01jzvcg8d172ahs8fw4h0x6y4d	Red-rumped swallow	Cecropis daurica	y00621
brd_01jzvcg8d20t3s2gj329d3342e	American cliff swallow	Petrochelidon pyrrhonota	cliswa
brd_01jzvcg8d378526rk31dax8cc2	Cetti's warbler	Cettia cetti	cetwar1
brd_01jzvcg8d4736vxa3njeyrvnzc	Long-tailed tit	Aegithalos caudatus	lottit1
brd_01jzvcg8d5eqgvbbcx42dezzhn	Wood warbler	Phylloscopus sibilatrix	woowar
brd_01jzvcg8d63715zykd5rhrbfjn	Western Bonelli's warbler	Phylloscopus bonelli	webwar1
brd_01jzvcg8d7xbkcgkc7467e5v41	Eastern Bonelli's warbler	Phylloscopus orientalis	eabwar1
brd_01jzvcg8d8456yfh5jqk8m8bff	Hume's warbler	Phylloscopus humei	humwar1
brd_01jzvcg8d92hyqr6dpgn07avbd	Yellow-browed warbler	Phylloscopus inornatus	yebwar3
brd_01jzvcg8da973sbw30rkdn6mz2	Pallas's warbler	Phylloscopus proregulus	palwar5
brd_01jzvcg8dbwfr94n28xn2cmft7	Radde's warbler	Phylloscopus schwarzi	radwar1
brd_01jzvcg8dc6tjaf31a6g4bsnye	Sulphur-bellied warbler	Phylloscopus griseolus	subwar2
brd_01jzvcg8ddbyzhkm4hc9nyvstp	Dusky warbler	Phylloscopus fuscatus	duswar
brd_01jzvcg8de6ghd8agj0yaxhv7f	Willow warbler	Phylloscopus trochilus	wlwwar
brd_01jzvcg8dfrrm1axx60w5r8j9s	Chiffchaff	Phylloscopus collybita	comchi1
brd_01jzvcg8dg6q2jh09b8nj64wen	Iberian chiffchaff	Phylloscopus ibericus	ibechi2
brd_01jzvcg8dh0tz519t9z3v4fk5q	Eastern crowned warbler	Phylloscopus coronatus	eacwar1
brd_01jzvcg8djyfekqkwbez0xaqft	Green warbler	Phylloscopus nitidus	grnwar1
brd_01jzvcg8dkbnf39x801b9grts6	Two-barred greenish warbler	Phylloscopus plumbeitarsus	grewar2
brd_01jzvcg8dmr3xx1rnnpahxkq0c	Greenish warbler	Phylloscopus trochiloides	grewar3
brd_01jzvcg8dnrqmtgdmtcw1d07ks	Pale-legged leaf warbler	Phylloscopus tenellipes	pllwar1
brd_01jzvcg8dpzgyy932e98kedj5t	Arctic warbler	Phylloscopus borealis	arcwar1
brd_01jzvcg8dq907xps5fbba94pn6	Great reed warbler	Acrocephalus arundinaceus	grrwar1
brd_01jzvcg8dr7mk99w231cjf1mgp	Aquatic warbler	Acrocephalus paludicola	aquwar1
brd_01jzvcg8dsksfkx2365jt9v1at	Sedge warbler	Acrocephalus schoenobaenus	sedwar1
brd_01jzvcg8dtvhxecz05xarx7ey9	Paddyfield warbler	Acrocephalus agricola	padwar1
brd_01jzvcg8dvxbe6wxkz2a8j2zfn	Blyth's reed warbler	Acrocephalus dumetorum	blrwar1
brd_01jzvcg8dwj8975twka5bkrqpr	Reed warbler	Acrocephalus scirpaceus	eurwar1
brd_01jzvcg8dxqpr3gg85wjzn5ybm	Marsh warbler	Acrocephalus palustris	marwar3
brd_01jzvcg8dy6aep4p0a8dmpxzg3	Thick-billed warbler	Arundinax aedon	thbwar1
brd_01jzvcg8dzpswetk3zt8znztrb	Booted warbler	Iduna caligata	boowar1
brd_01jzvcg8e0hyas1c271dymehhh	Sykes's warbler	Iduna rama	sykwar2
brd_01jzvcg8e10pz2s6kfxytpe6h8	Eastern olivaceous warbler	Iduna pallida	eaowar1
brd_01jzvcg8e29yfzdkmkbyq3z76b	Western olivaceous warbler	Iduna opaca	weowar1
brd_01jzvcg8e3s8bhafb8z84ysje9	Olive-tree warbler	Hippolais olivetorum	oltwar1
brd_01jzvcg8e4by312tgkx03d9699	Melodious warbler	Hippolais polyglotta	melwar1
brd_01jzvcg8e5rsrcgkp80dn7qr4q	Icterine warbler	Hippolais icterina	ictwar1
brd_01jzvcg8e6nzadfyx25tgsxyrg	Pallas's grasshopper warbler	Helopsaltes certhiola	pagwar1
brd_01jzvcg8e775527v2789ejt85j	Lanceolated warbler	Locustella lanceolata	lanwar
brd_01jzvcg8e8bavsfe23hqrd7g6j	River warbler	Locustella fluviatilis	eurwar2
brd_01jzvcg8e9y310txmbp0nkk867	Savi's warbler	Locustella luscinioides	savwar1
brd_01jzvcg8eabqhzvp3164x9dmwg	Grasshopper warbler	Locustella naevia	cogwar1
brd_01jzvcg8eb6wm7qhg80pn9xnhd	Fan-tailed warbler	Cisticola juncidis	zitcis1
brd_01jzvcg8ecwxzpj2vfdgfp3wyx	Blackcap	Sylvia atricapilla	blackc1
brd_01jzvcg8edc9b42twtfd29vhmv	Garden warbler	Sylvia borin	garwar1
brd_01jzvcg8ee8t0nedgznjma99v1	Barred warbler	Curruca nisoria	barwar1
brd_01jzvcg8efpty4fma5be4h606s	Lesser whitethroat	Curruca curruca	leswhi4
brd_01jzvcg8egnd21m3erft7ezqs5	Western Orphean warbler	Curucca hortensis	
brd_01jzvcg8ehckt1jrfa7mj6jhgp	Eastern Orphean warbler	Curucca crassirostris	
brd_01jzvcg8ejnptqaek5yat94my9	Asian desert warbler	Curruca nana	asdwar1
brd_01jzvcg8ekkf3n93pae1apwaz7	Rüppell's warbler	Curruca ruppeli	ruewar1
brd_01jzvcg8emzn3fmy4147knzd3z	Sardinian warbler	Curruca melanocephala	sarwar1
brd_01jzvcg8enemgyfqhwbf8s6hns	Western subalpine warbler	Curruca iberiae	subwar6
brd_01jzvcg8ep3fe9e4p6mk6z57r7	Moltoni's subalpine warbler	Curruca subalpina	subwar8
brd_01jzvcg8eqaz33s9te1wsnkjkd	Eastern subalpine warbler	Curruca cantillans	easwar1
brd_01jzvcg8erwkyyrgmzjhdaewmx	Whitethroat	Curruca communis	grewhi1
brd_01jzvcg8esc3h0ebbbha42qgzc	Spectacled warbler	Curruca conspicillata	spewar2
brd_01jzvcg8ety35x52kve3bnhvrx	Marmora's warbler	Curruca sarda	marwar1
brd_01jzvcg8ev14qx9tffnqy87ah6	Dartford warbler	Curruca undata	darwar1
brd_01jzvcg8ewxsz3k75zdvkhq11q	Ruby-crowned kinglet	Corthylio calendula	ruckin
brd_01jzvcg8ex7rdvcraws5d3wh18	Goldcrest	Regulus regulus	goldcr1
brd_01jzvcg8eymdv3acdze3jbv5v3	Firecrest	Regulus ignicapillus	
brd_01jzvcg8ez6apmbp6ft4v5y990	Wren	Troglodytes troglodytes	winwre4
brd_01jzvcg8f082ns5sag5xwdn20d	Red-breasted nuthatch	Sitta canadensis	rebnut
brd_01jzvcg8f1bd0ckxkzz3z6p5zy	Nuthatch	Sitta europaea	eurnut2
brd_01jzvcg8f22es1s4xshs4s61cb	Wallcreeper	Tichodroma muraria	wallcr1
brd_01jzvcg8f34k1edjeq31rhnsgg	Treecreeper	Certhia familiaris	eurtre1
brd_01jzvcg8f4j4w37gqqhy9av7z5	Short-toed treecreeper	Certhia brachydactyla	shttre1
brd_01jzvcg8f5nb57rnj177gn6833	Grey catbird	Dumetella carolinensis	grycat
brd_01jzvcg8f691bq256931mcj22g	Northern mockingbird	Mimus polyglottos	normoc
brd_01jzvcg8f717sfqms4hgjryhya	Brown thrasher	Toxostoma rufum	brnthr
brd_01jzvcg8f85thba67t18t3fj70	Rose-coloured starling	Pastor roseus	rossta2
brd_01jzvcg8f9m13s3k26w7fhp0dw	Starling	Sturnus vulgaris	eursta
brd_01jzvcg8farfnmgysd7prjpr4b	Varied thrush	Ixoreus naevius	varthr
brd_01jzvcg8fbtt35gdggmb9hrr32	Wood thrush	Hylocichla mustelina	woothr
brd_01jzvcg8fcc8rprt9aem9p0ahd	Swainson's thrush	Catharus ustulatus	swathr
brd_01jzvcg8fd9hv28ph8y4b0fzx5	Hermit thrush	Catharus guttatus	herthr
brd_01jzvcg8fekn8wyvy1pgrzt0e7	Grey-cheeked thrush	Catharus minimus	gycthr
brd_01jzvcg8ff0xfcx3cyd0hnbyad	Veery	Catharus fuscescens	veery
brd_01jzvcg8fgktfzkawh8fjsk5v1	White's thrush	Zoothera aurea	scathr2
brd_01jzvcg8fh0ajtwqjfayshyhyd	Siberian thrush	Geokichla sibirica	sibthr1
brd_01jzvcg8fj6141b0b6ate34s5g	Song thrush	Turdus philomelos	sonthr1
brd_01jzvcg8fkhfmf71d0g08s206w	Mistle thrush	Turdus viscivorus	misthr1
brd_01jzvcg8fm09qqyff34w803v0f	Redwing	Turdus iliacus	redwin
brd_01jzvcg8fnvbexenms5137zfmh	Blackbird	Turdus merula	eurbla
brd_01jzvcg8fp8sjv9y1pcr6zwc9y	Eyebrowed thrush	Turdus obscurus	eyethr
brd_01jzvcg8fqnaevy4xeh783y5vw	Fieldfare	Turdus pilaris	fieldf
brd_01jzvcg8frecj5kr0c4evx94k7	Ring ouzel	Turdus torquatus	rinouz1
brd_01jzvcg8fsnqrd5re1n7x1q6vj	Black-throated thrush	Turdus atrogularis	datthr1
brd_01jzvcg8ftzj8a6hn1wfj8xnws	Red-throated thrush	Turdus ruficollis	retthr1
brd_01jzvcg8fv2dfpjj298r54qka9	Dusky thrush	Turdus eunomus	dusthr2
brd_01jzvcg8fw2b9c3zv23w540nx2	Naumann's thrush	Turdus naumanni	dusthr1
brd_01jzvcg8fx97q58myts7wba73v	American robin	Turdus migratorius	amerob
brd_01jzvcg8fyk04emqqn1g0x6ppw	Rufous-tailed scrub robin	Cercotrichas galactotes	rutscr1
brd_01jzvcg8fzkzht5cpkfe312xwb	Spotted flycatcher	Muscicapa striata	spofly1
brd_01jzvcg8g0has84436vptmxzfc	Asian brown flycatcher	Muscicapa dauurica	asbfly
brd_01jzvcg8g15czb42dhx6wd3mnk	Robin	Erithacus rubecula	eurrob1
brd_01jzvcg8g2h8f7dvz9vy3wcy6f	Siberian blue robin	Larvivora cyanea	
brd_01jzvcg8g3j6c3n22xazvypmxe	Rufous-tailed robin	Larvivora sibilans	rutrob1
brd_01jzvcg8g4m6bxvhb8ww4ar07x	Bluethroat	Luscinia svecica	blueth
brd_01jzvcg8g5cp0e4gvh7gghxr37	Thrush nightingale	Luscinia luscinia	thrnig1
brd_01jzvcg8g6mrn894t2t69x5h9p	Nightingale	Luscinia megarhynchos	comnig1
brd_01jzvcg8g7k8stm7dtvvfymyb1	White-throated robin	Irania gutturalis	whtrob3
brd_01jzvcg8g8rtceqjb6f67phnkg	Siberian rubythroat	Calliope calliope	sibrub
brd_01jzvcg8g9ydfmwzkpxtk77t15	Red-flanked bluetail	Tarsiger cyanurus	refblu1
brd_01jzvcg8gar07460pzgy96721c	Taiga flycatcher	Ficedula albicilla	taifly1
brd_01jzvcg8gb248mg1r5xae9am8g	Red-breasted flycatcher	Ficedula parva	rebfly
brd_01jzvcg8gc7r6hv41zdvrrk9xp	Pied flycatcher	Ficedula hypoleuca	eupfly1
brd_01jzvcg8gdash6hqm7yfswb1d8	Collared flycatcher	Ficedula albicollis	colfly1
brd_01jzvcg8ge3dhq182d154vrp3t	Black redstart	Phoenicurus ochruros	blared1
brd_01jzvcg8gfmnc7v98rm75ccj34	Redstart	Phoenicurus phoenicurus	comred2
brd_01jzvcg8gg27m8z9794sxg645x	Moussier's redstart	Phoenicurus moussieri	moured1
brd_01jzvcg8ghhmdx49hsankc5pat	Rock thrush	Monticola saxatilis	rtrthr1
brd_01jzvcg8gjy4488ew3pvhk3ey4	Blue rock thrush	Monticola solitarius	burthr
brd_01jzvcg8gkxyxs2z7s1bn3h42t	Whinchat	Saxicola rubetra	whinch1
brd_01jzvcg8gmkghjs9g39pmywqdy	Stonechat	Saxicola rubicola	stonec4
brd_01jzvcg8gn6jjtgj568vvs6ht9	Siberian stonechat	Saxicola maurus	sibsto1
brd_01jzvcg8gpmr3mgnndttt42qbv	Stejneger's stonechat	Saxicola stejnegeri	stonec7
brd_01jzvcg8gqfg5bsahwdpnf1pa8	Wheatear	Oenanthe oenanthe	norwhe
brd_01jzvcg8gr3jegabm6c3cpv00v	Isabelline wheatear	Oenanthe isabellina	isawhe1
brd_01jzvcg8gsr27p4xjej2zjj7vq	Desert wheatear	Oenanthe deserti	deswhe1
brd_01jzvcg8gtya7v97fe1fhfstad	Western black-eared wheatear	Oenanthe hispanica	bkewhe1
brd_01jzvcg8gvc2tg2bc3d3vr8d3g	Eastern black-eared wheatear	Oenanthe melanoleuca	bkewhe2
brd_01jzvcg8gw70btzp6nhnrsqcss	Pied wheatear	Oenanthe pleschanka	piewhe1
brd_01jzvcg8gxczmbmpkmc6jjzf60	White-crowned black wheatear	Oenanthe leucopyga	whtwhe1
brd_01jzvcg8gytda0xt5w209792xy	Dipper	Cinclus cinclus	whtdip1
brd_01jzvcg8gzjbdt2ctnc2dhsxcw	Rock sparrow	Petronia petronia	rocpet1
brd_01jzvcg8h0h0s76q3r0b3x0fzg	Tree sparrow	Passer montanus	eutspa
brd_01jzvcg8h1rynpwq1w6dn6n5k3	Spanish sparrow	Passer hispaniolensis	spaspa1
brd_01jzvcg8h2hgqjwty07fv3mjd3	House sparrow	Passer domesticus	houspa
brd_01jzvcg8h3vanzpt7ttxmhrfgv	Alpine accentor	Prunella collaris	alpacc1
brd_01jzvcg8h4drstzsb6kaxbderz	Siberian accentor	Prunella montanella	sibacc
brd_01jzvcg8h57q6t8awnvzn5t82y	Dunnock	Prunella modularis	dunnoc1
brd_01jzvcg8h6s8ey0aszq53ewcxx	Yellow wagtail	Motacilla flava	eaywag1
brd_01jzvcg8h7920j1af2nyr3n2mw	Eastern yellow wagtail	Motacilla tschutschensis	eaywag
brd_01jzvcg8h87emzgbxz26cbgcg7	Citrine wagtail	Motacilla citreola	citwag
brd_01jzvcg8h9zwvw8b0vd65dz04a	Grey wagtail	Motacilla cinerea	grywag
brd_01jzvcg8haw29xaq37t7deqh5y	Pied wagtail	Motacilla alba	whiwag
brd_01jzvcg8hbtpap078y10r16chr	Richard's pipit	Anthus richardi	ricpip1
brd_01jzvcg8hcns0t59ry7nk781d7	Blyth's pipit	Anthus godlewskii	blypip1
brd_01jzvcg8hdcx27pbw55b4a0p9k	Tawny pipit	Anthus campestris	tawpip1
brd_01jzvcg8heamgm618etzmjfxwc	Meadow pipit	Anthus pratensis	meapip1
brd_01jzvcg8hf9wsa6s0kmkwqyd6z	Tree pipit	Anthus trivialis	trepip
brd_01jzvcg8hgb8zyt46awsz8f5pg	Olive-backed pipit	Anthus hodgsoni	olbpip
brd_01jzvcg8hh1s4z3nsqknpn7ttk	Pechora pipit	Anthus gustavi	pecpip
brd_01jzvcg8hjhwc9mxxpae5mycrs	Red-throated pipit	Anthus cervinus	retpip
brd_01jzvcg8hkkdxraapxqna9nf1j	Buff-bellied pipit	Anthus rubescens	amepip
brd_01jzvcg8hmqyndrqwbx0yp3qh6	Water pipit	Anthus spinoletta	watpip1
brd_01jzvcg8hnzqsmgb4k8yp5mj39	Rock pipit	Anthus petrosus	rocpip1
brd_01jzvcg8hpnj8atefyh11a73g8	Chaffinch	Fringilla coelebs	comcha
brd_01jzvcg8hq5b4bas5gkntweh3w	Brambling	Fringilla montifringilla	brambl
brd_01jzvcg8hrjk92vgt76gz45k6k	Evening grosbeak	Hesperiphona vespertina	evegro
brd_01jzvcg8hsafjn41p7paexayvp	Hawfinch	Coccothraustes coccothraustes	hawfin
brd_01jzvcg8htnw7bn530hhv8exx5	Pine grosbeak	Pinicola enucleator	pingro
brd_01jzvcg8hverxbgmp4dr696rbn	Bullfinch	Pyrrhula pyrrhula	eurbul
brd_01jzvcg8hwst64xjnx501r8ez6	Trumpeter finch	Bucanetes githagineus	trufin2
brd_01jzvcg8hxnwardek4wc276mbf	Common rosefinch	Carpodacus erythrinus	comros
brd_01jzvcg8hys5zq8rak6kn9yv1b	Greenfinch	Chloris chloris	eurgre1
brd_01jzvcg8hzjts2ywzkn6d5zm6a	Twite	Linaria flavirostris	twite1
brd_01jzvcg8j0414rfxtg7rv30m75	Linnet	Linaria cannabina	eurlin1
brd_01jzvcg8j1qte7d8s71sd2s9vv	Common redpoll	Acanthis flammea	redpol1
brd_01jzvcg8j2hse5gca8se3vnjx3	Lesser redpoll	Acanthis cabaret	
brd_01jzvcg8j3vmvzjrn3wtyjfrp1	Arctic redpoll	Acanthis hornemanni	
brd_01jzvcg8j4swtfh1f8f058kdzt	Parrot crossbill	Loxia pytyopsittacus	parcro2
brd_01jzvcg8j54xb2cc3f3j5e7cnd	Scottish crossbill	Loxia scotica	scocro1
brd_01jzvcg8j604744c09gq5z4df1	Common crossbill	Loxia curvirostra	redcro
brd_01jzvcg8j7f7qg05ah5vcrrd3y	Two-barred crossbill	Loxia leucoptera	whwcro
brd_01jzvcg8j8q8kcxkbgj3gjbf0e	Goldfinch	Carduelis carduelis	eurgol
brd_01jzvcg8j916vnn5qyj2dyw29j	Citril finch	Carduelis citrinella	citfin1
brd_01jzvcg8jaq8yvgz430ph4z52j	Serin	Serinus serinus	eurser1
brd_01jzvcg8jbw1hngb9hqm16tqz7	Siskin	Spinus spinus	eursis
brd_01jzvcg8jcp5fx8ekxs5m1evtj	Lapland bunting	Calcarius lapponicus	laplon
brd_01jzvcg8jdeqw88dwatvysezyt	Snow bunting	Plectrophenax nivalis	snobun
brd_01jzvcg8jewck7k2pyfdzh2js9	Corn bunting	Emberiza calandra	corbun1
brd_01jzvcg8jf4jyab9ztg72n28v6	Yellowhammer	Emberiza citrinella	yellow2
brd_01jzvcg8jg0hbacnksf0frjkww	Pine bunting	Emberiza leucocephalos	pinbun
brd_01jzvcg8jhsp6fp4mrhk64pz3b	Rock bunting	Emberiza cia	rocbun1
brd_01jzvcg8jj38f19hytg859ebgg	Ortolan bunting	Emberiza hortulana	ortbun1
brd_01jzvcg8jkmmtb4b9py2ewzvmt	Cretzschmar's bunting	Emberiza caesia	crebun2
brd_01jzvcg8jm6sgahbd22csftan2	Cirl bunting	Emberiza cirlus	cirbun1
brd_01jzvcg8jnk890m0vj1s22fgxv	Chestnut-eared bunting	Emberiza fucata	chebun2
brd_01jzvcg8jpbjrbpkncdhhqhxt4	Little bunting	Emberiza pusilla	litbun
brd_01jzvcg8jqkywnm3ecz3zr7jng	Yellow-browed bunting	Emberiza chrysophrys	yebbun1
brd_01jzvcg8jrwpgvqhdtb976j1vw	Rustic bunting	Emberiza rustica	rusbun
brd_01jzvcg8jsxmarb095vh2yykrw	Yellow-breasted bunting	Emberiza aureola	yebbun
brd_01jzvcg8jtf6f757qxhccx6xev	Chestnut bunting	Emberiza rutila	chebun1
brd_01jzvcg8jv38zj3csm0xdgkwv0	Black-headed bunting	Emberiza melanocephala	blhbun1
brd_01jzvcg8jw00myzvjmpj17exgd	Red-headed bunting	Emberiza bruniceps	rehbun1
brd_01jzvcg8jxnntfh9nb2eackyza	Black-faced bunting	Emberiza spodocephala	bkfbun1
brd_01jzvcg8jyh4z3m88at7h15gdd	Pallas's reed bunting	Emberiza pallasi	palbun
brd_01jzvcg8jzm9wfnvwkd1nbngb7	Reed bunting	Emberiza schoeniclus	reebun
brd_01jzvcg8k0tbvgqkean0npax2t	Lark sparrow	Chondestes grammacus	larspa
brd_01jzvcg8k1dy61cf17f753323j	Dark-eyed junco	Junco hyemalis	daejun
brd_01jzvcg8k24qmjrk6y6mptq7sw	White-crowned sparrow	Zonotrichia leucophrys	whcspa
brd_01jzvcg8k31s8gvbps2yzzgvvt	White-throated sparrow	Zonotrichia albicollis	whtspa
brd_01jzvcg8k4zrt69rnrwkcjmx6z	Savannah sparrow	Passerculus sandwichensis	savspa
brd_01jzvcg8k5n4cqbcc35cvxtvy1	Song sparrow	Melospiza melodia	sonspa
brd_01jzvcg8k6x1201w2s8kxk3nbq	Eastern towhee	Pipilo erythrophthalmus	eastow
brd_01jzvcg8k70d1ay98kc6qxrddw	Bobolink	Dolichonyx oryzivorus	boboli
brd_01jzvcg8k88wszyhy8pwwwx2q5	Baltimore oriole	Icterus galbula	balori
brd_01jzvcg8k91f27a61ymep1z9xf	Red-winged blackbird	Agelaius phoeniceus	rewbla
brd_01jzvcg8ka8vv2j63hx8x5h3dg	Brown-headed cowbird	Molothrus ater	bnhcow
brd_01jzvcg8kbq5wyzfa3qyr0xqz0	Ovenbird	Seiurus aurocapilla	ovenbi1
brd_01jzvcg8kcpaanv9ncw72cqkpg	Northern waterthrush	Parkesia noveboracensis	norwat
brd_01jzvcg8kd0zd19q71rtsqm716	Golden-winged warbler	Vermivora chrysoptera	gowwar
brd_01jzvcg8ke2bas1ne9bm4n0gen	Black-and-white warbler	Mniotilta varia	bawwar
brd_01jzvcg8kfh0xzm8224mpn29n3	Tennessee warbler	Leiothlypis peregrina	tenwar
brd_01jzvcg8kgny4zyewq1n3w9y4r	Common yellowthroat	Geothlypis trichas	comyel
brd_01jzvcg8kh1hwm5e77g2byad1a	Hooded warbler	Setophaga citrina	hoowar
brd_01jzvcg8kjh0d5kw4j92nb1vc3	American redstart	Setophaga ruticilla	amered
brd_01jzvcg8kk8m123ftf5eds4bej	Cape May warbler	Setophaga tigrina	camwar
brd_01jzvcg8km8gmr3nn41ch5ymat	Northern parula	Setophaga americana	norpar
brd_01jzvcg8kn06xtaca9e9mc585w	Magnolia warbler	Setophaga magnolia	magwar
brd_01jzvcg8kpxjq65pj92ek6gpqt	Bay-breasted warbler	Setophaga castanea	babwar
brd_01jzvcg8kqrs0yzseyvdxvk7xd	Blackburnian warbler	Setophaga fusca	bkbwar
brd_01jzvcg8kr00pn3a9217kzpznf	Yellow warbler	Setophaga petechia	manwar1
brd_01jzvcg8ksw036atbs3vb5ddwg	Chestnut-sided warbler	Setophaga pensylvanica	chswar
brd_01jzvcg8kt3zn3cvws93m3b8gs	Blackpoll warbler	Setophaga striata	bkpwar
brd_01jzvcg8kvhrvp75jae7622563	Yellow-rumped warbler	Setophaga coronata	yerwar
brd_01jzvcg8kw5zmqd27g2gv08csv	Canada warbler	Cardellina canadensis	canwar
brd_01jzvcg8kxr124g1hhtk682gb6	Wilson's warbler	Cardellina pusilla	wlswar
brd_01jzvcg8kyj9a3r7hgbhhaqvb7	Summer tanager	Piranga rubra	sumtan
brd_01jzvcg8kz0k59zf9x075waw8v	Scarlet tanager	Piranga olivacea	scatan
brd_01jzvcg8m0hz4d0fk6xv72h3ty	Rose-breasted grosbeak	Pheucticus ludovicianus	robgro
brd_01jzvcg8m1x7523xg5d37pk5kt	Indigo bunting	Passerina cyanea	indbun
